Date,Open,High,Low,Last,Volume,Turnover
2014-02-14,11.6,11.86,11.52,11.76,438601.0,5153386.735
2014-02-17,11.8,11.93,11.61,11.795,323017.0,3791107.12
2014-02-18,11.765,11.9,11.68,11.79,195108.0,2297760.3
2014-02-19,11.735,11.95,11.735,11.9,323861.0,3842438.67
2014-02-20,11.815,11.95,11.71,11.77,298575.0,3530541.86
2014-02-21,11.755,11.9,11.665,11.795,184494.0,2173504.03
2014-02-24,11.715,11.82,11.68,11.82,195481.0,2299470.05
2014-02-25,11.765,11.86,11.66,11.77,266901.0,3138092.71
2014-02-26,11.745,11.8,11.66,11.8,209601.0,2462783.14
2014-02-27,11.75,11.8,11.48,11.78,309668.0,3609131.61
2014-02-28,11.7,11.87,11.67,11.87,356997.0,4214236.01
2014-03-05,11.74,11.92,11.74,11.85,396500.0,4695234.3
2014-03-06,11.88,12.39,11.855,12.39,500435.0,6091353.085
2014-03-07,12.395,13.15,12.39,12.96,984926.0,12741934.8
2014-03-10,12.95,13.03,12.525,12.6,344218.0,4387336.61
2014-03-11,12.525,12.67,12.355,12.415,295314.0,3672255.2
2014-03-12,12.3,12.42,12.075,12.21,845826.0,10318263.8
2014-03-13,12.225,12.325,12.08,12.08,475384.0,5789751.365
2014-03-14,11.98,12.055,11.59,12.0,554052.0,6556916.04
2014-03-17,11.92,12.505,11.92,12.505,301294.0,3726276.4
2014-03-18,12.5,12.68,12.315,12.65,264747.0,3309789.81
2014-03-19,12.625,12.98,12.57,12.95,485865.0,6253631.015
2014-03-20,12.845,12.945,12.6,12.77,447970.0,5718056.54
2014-03-21,12.825,12.96,12.585,12.585,416751.0,5303909.54
2014-03-24,12.595,12.6,12.02,12.13,656348.0,8027143.09
2014-03-25,12.23,12.385,12.07,12.34,249047.0,3055264.9
2014-03-26,12.385,12.685,12.315,12.65,350028.0,4382538.78
2014-03-27,12.64,12.705,12.53,12.59,430818.0,5429339.13
2014-03-28,12.605,12.95,12.48,12.805,461743.0,5877750.01
2014-03-31,12.81,13.0,12.75,13.0,391465.0,5044533.385
2014-04-01,13.0,13.12,12.86,12.97,532416.0,6914979.74
2014-04-02,12.95,13.015,12.8,12.88,311241.0,4021126.62
2014-04-03,12.86,13.13,12.86,12.995,340342.0,4422786.36
2014-04-04,12.985,12.985,12.81,12.95,129039.0,1665376.11
2014-04-07,12.81,12.82,12.61,12.72,260142.0,3312789.65
2014-04-08,12.71,12.72,12.38,12.405,273229.0,3407688.17
2014-04-09,12.455,12.89,12.455,12.87,273625.0,3482572.25
2014-04-10,12.9,13.0,12.76,12.85,349383.0,4513613.51
2014-04-11,12.69,12.755,12.455,12.605,295859.0,3728517.75
2014-04-14,12.585,12.605,12.2,12.29,279272.0,3446654.53
2014-04-15,12.37,12.42,12.19,12.26,243649.0,2992771.36
2014-04-16,12.335,12.57,12.21,12.24,213876.0,2633739.02
2014-04-17,12.215,12.64,12.13,12.54,214911.0,2673360.06
2014-04-22,12.555,12.85,12.555,12.82,178049.0,2272040.96
2014-04-23,12.755,13.275,12.75,13.185,541627.0,7088960.69
2014-04-24,13.24,13.54,13.16,13.355,459950.0,6162574.28
2014-04-25,13.3,13.39,13.1,13.115,231139.0,3060585.74
2014-04-28,13.1,13.6,13.06,13.315,369396.0,4950713.89
2014-04-29,13.42,13.76,13.29,13.64,494533.0,6734246.42
2014-04-30,13.635,13.77,13.305,13.43,331794.0,4481126.29
2014-05-02,13.395,13.615,13.265,13.5,280042.0,3776026.25
2014-05-05,13.565,13.64,13.48,13.55,174235.0,2361105.015
2014-05-06,13.55,13.6,13.42,13.57,258513.0,3496131.19
2014-05-07,13.48,14.1,13.48,13.9,539725.0,7489304.64
2014-05-08,13.955,14.1,13.63,14.07,317248.0,4413041.085
2014-05-09,14.02,14.215,13.85,14.215,382626.0,5402701.89
2014-05-12,14.25,14.275,14.05,14.21,232632.0,3299553.955
2014-05-13,14.195,14.195,13.875,13.93,208807.0,2920005.53
2014-05-14,13.925,13.95,13.63,13.715,221514.0,3044012.15
2014-05-16,14.11,14.49,13.99,14.055,683759.0,9685523.41
2014-05-19,14.1,14.445,13.955,14.255,507913.0,7215534.63
2014-05-20,14.25,14.305,14.1,14.125,275839.0,3908450.87
2014-05-21,14.095,14.45,13.965,14.195,386927.0,5514691.885
2014-05-22,14.295,14.445,14.14,14.25,355335.0,5087889.72
2014-05-23,14.24,14.44,14.23,14.41,262534.0,3770293.47
2014-05-26,14.5,14.635,14.385,14.425,216111.0,3127843.7
2014-05-28,14.02,14.25,13.745,13.8,807662.0,11282358.21
2014-05-29,14.05,14.795,14.045,14.795,963944.0,13968708.03
2014-05-30,14.82,14.9,14.41,14.655,448767.0,6559959.895
2014-06-02,14.885,15.0,14.665,14.73,472374.0,7013296.82
2014-06-03,14.8,14.82,14.62,14.64,191319.0,2813297.1
2014-06-04,14.75,15.065,14.655,15.06,591944.0,8817273.165
2014-06-05,15.11,15.27,14.93,15.025,346402.0,5218675.76
2014-06-06,15.095,15.13,15.0,15.055,186067.0,2801643.785
2014-06-09,15.055,15.13,15.01,15.115,120468.0,1816100.33
2014-06-10,15.12,15.3,15.03,15.18,156103.0,2371473.45
2014-06-11,15.3,15.34,14.73,14.84,384148.0,5780351.735
2014-06-12,14.84,15.05,14.79,14.825,202480.0,3010378.45
2014-06-13,14.82,14.82,14.43,14.515,227977.0,3316745.12
2014-06-16,14.515,14.85,14.46,14.55,369896.0,5394952.72
2014-06-17,14.575,14.79,14.54,14.65,280957.0,4116659.32
2014-06-18,14.645,14.72,14.37,14.48,284589.0,4142553.3
2014-06-19,14.555,14.555,14.11,14.175,253606.0,3622247.31
2014-06-20,14.125,14.43,13.955,14.385,582777.0,8333279.735
2014-06-23,14.41,14.445,13.99,14.115,236777.0,3344335.395
2014-06-24,14.145,14.165,13.615,13.85,398146.0,5506087.38
2014-06-25,13.77,13.83,13.5,13.71,386089.0,5278377.48
2014-06-26,13.76,13.98,13.68,13.86,241431.0,3340627.873
2014-06-27,13.84,13.845,13.505,13.65,238192.0,3244918.54
2014-06-30,13.7,13.705,13.155,13.45,483743.0,6471450.245
2014-07-01,13.375,13.585,13.185,13.515,573347.0,7683470.945
2014-07-02,13.535,13.74,13.41,13.65,183204.0,2498853.89
2014-07-03,13.705,14.04,13.655,13.97,312177.0,4324900.79
2014-07-04,13.985,14.02,13.8,13.8,126126.0,1748622.455
2014-07-07,13.8,13.925,13.4,13.48,134688.0,1825640.39
2014-07-08,13.5,13.745,13.28,13.375,234148.0,3158511.725
2014-07-09,13.38,13.54,12.93,13.515,413142.0,5499500.615
2014-07-10,13.525,13.525,13.1,13.46,427360.0,5697757.66
2014-07-11,13.985,14.0,13.01,13.065,899929.0,12051226.7
2014-07-14,13.13,13.41,13.07,13.405,199629.0,2648880.44
2014-07-15,13.425,13.5,13.23,13.27,205653.0,2743116.38
2014-07-16,13.29,13.59,13.27,13.3,183958.0,2465394.06
2014-07-17,13.33,13.55,13.25,13.39,174949.0,2347528.805
2014-07-18,13.25,13.31,12.94,13.16,297914.0,3920005.47
2014-07-21,12.995,13.16,12.72,12.995,255415.0,3312873.43
2014-07-22,13.04,13.1,12.89,13.03,256601.0,3334266.28
2014-07-23,13.015,13.46,12.92,13.32,274443.0,3638485.96
2014-07-24,13.4,13.485,13.17,13.185,135825.0,1805092.7
2014-07-25,13.155,13.315,13.11,13.23,146474.0,1936748.93
2014-07-28,13.295,13.345,12.98,13.015,192295.0,2531575.97
2014-07-29,12.96,13.4,12.84,13.135,177446.0,2330251.89
2014-07-30,13.175,13.225,12.81,12.86,175876.0,2280800.315
2014-07-31,12.825,12.825,12.38,12.525,402856.0,5066702.785
2014-08-01,12.405,12.5,11.86,12.11,456117.0,5536834.56
2014-08-04,,11.98,11.16,11.35,1012928.0,11635844.15
2014-08-05,11.365,12.04,11.35,11.905,394512.0,4638587.35
2014-08-06,11.84,11.84,11.08,11.335,469424.0,5320225.475
2014-08-07,11.36,11.46,11.11,11.21,189879.0,2139611.02
2014-08-08,11.015,11.235,10.61,11.21,309712.0,3390786.51
2014-08-11,11.305,11.62,11.27,11.55,195068.0,2244092.04
2014-08-12,11.565,11.775,11.55,11.755,227027.0,2650878.32
2014-08-13,11.8,11.97,11.7,11.83,376331.0,4463479.495
2014-08-14,11.79,11.98,11.7,11.9,182130.0,2160097.01
2014-08-15,11.925,12.29,11.925,12.04,234072.0,2835069.99
2014-08-18,12.275,12.295,12.1,12.165,154398.0,1879220.05
2014-08-19,12.285,12.57,12.235,12.52,256358.0,3176759.895
2014-08-20,12.53,12.635,12.4,12.52,198235.0,2481626.31
2014-08-21,12.565,12.825,12.51,12.725,205357.0,2611693.8
2014-08-22,12.705,12.74,12.485,12.615,279710.0,3517700.78
2014-08-25,12.8,12.83,12.6,12.705,95166.0,1209941.555
2014-08-26,12.705,13.05,12.705,12.99,296224.0,3836392.1
2014-08-27,12.995,13.05,12.93,12.975,144201.0,1871723.325
2014-08-28,12.96,12.98,12.62,12.67,164488.0,2099498.13
2014-08-29,12.675,12.76,12.48,12.63,228460.0,2872308.47
2014-09-01,12.63,12.85,12.63,12.79,91629.0,1170502.86
2014-09-02,12.805,12.835,12.58,12.64,132232.0,1674813.78
2014-09-03,12.66,12.835,12.61,12.74,167416.0,2135951.59
2014-09-04,12.75,12.995,12.715,12.99,191896.0,2474303.33
2014-09-05,12.975,13.0,12.85,13.0,126462.0,1636401.06
2014-09-08,13.035,13.085,12.5,12.665,245494.0,3132791.55
2014-09-09,12.65,12.85,12.63,12.695,189641.0,2417254.14
2014-09-10,12.75,12.785,12.615,12.77,320122.0,4071731.93
2014-09-11,12.805,13.255,12.805,13.225,342270.0,4469089.46
2014-09-12,13.32,13.95,13.29,13.64,475168.0,6472248.01
2014-09-15,13.68,13.68,13.33,13.365,242632.0,3264449.88
2014-09-16,13.335,13.42,12.875,13.355,547454.0,7158357.39
2014-09-17,13.435,13.735,13.395,13.6,231480.0,3149526.37
2014-09-18,13.695,13.7,13.41,13.585,154423.0,2093242.86
2014-09-19,13.69,13.71,13.025,13.045,508096.0,6707201.46
2014-09-22,13.05,13.42,13.05,13.245,225011.0,2983643.51
2014-09-23,13.205,13.23,12.925,12.93,206229.0,2692202.93
2014-09-24,12.92,12.945,12.6,12.705,242636.0,3092750.04
2014-09-25,12.685,12.865,12.5,12.535,142505.0,1805081.23
2014-09-26,12.515,13.12,12.235,12.99,324731.0,4152436.29
2014-09-29,12.995,13.45,12.91,13.245,263963.0,3494795.67
2014-09-30,13.31,13.31,12.93,13.0,283196.0,3700715.36
2014-10-01,12.955,13.195,12.835,12.86,178242.0,2320713.31
2014-10-02,12.92,12.92,12.515,12.565,317321.0,4017948.26
2014-10-03,12.695,13.06,12.695,12.96,208844.0,2700345.29
2014-10-06,12.965,13.005,12.65,12.78,183540.0,2353196.615
2014-10-07,12.77,12.825,12.35,12.395,302155.0,3785679.11
2014-10-08,12.3,12.37,11.97,12.03,289417.0,3520447.01
2014-10-09,12.2,12.27,11.855,12.0,261014.0,3144360.815
2014-10-10,11.85,11.85,11.26,11.54,688901.0,7947628.13
2014-10-13,11.28,11.68,11.05,11.515,289846.0,3312918.715
2014-10-14,11.7,12.23,11.7,12.005,412731.0,4934073.395
2014-10-15,12.08,12.195,11.44,11.56,356283.0,4196635.955
2014-10-16,11.565,11.8,11.1,11.65,496081.0,5669046.79
2014-10-17,11.945,12.25,11.91,12.1,398239.0,4804936.18
2014-10-20,12.19,12.22,11.795,12.005,339455.0,4064872.835
2014-11-04,14.72,15.0,14.46,14.815,781098.0,11598351.02
2014-11-05,14.88,15.0,14.48,14.7,411512.0,6078266.29
2014-11-06,14.635,15.09,14.52,14.9,430728.0,6414715.08
2014-11-07,14.855,15.0,14.61,14.65,381705.0,5674531.98
2014-11-10,14.6,14.69,14.41,14.675,292171.0,4256918.25
2014-11-11,14.745,15.0,14.61,14.635,434396.0,6439528.87
2014-11-12,14.47,14.51,13.175,13.27,1295859.0,17728647.23
2014-11-13,13.44,13.785,12.905,13.54,989177.0,13135142.88
2014-11-14,13.65,13.695,13.335,13.5,312419.0,4216273.24
2014-11-17,13.495,14.74,13.225,14.41,878966.0,12534651.47
2014-11-18,14.4,14.6,14.11,14.11,388800.0,5534427.65
2014-11-19,14.105,14.11,13.82,14.0,352903.0,4934700.205
2014-11-20,14.09,14.135,13.875,14.11,194414.0,2725680.63
2014-11-21,14.2,14.34,14.12,14.245,185029.0,2634531.94
2014-11-24,14.135,14.4,14.0,14.285,271245.0,3851814.035
2014-11-25,14.21,14.38,14.11,14.195,236186.0,3358732.78
2014-11-26,14.21,14.285,14.1,14.175,122795.0,1741799.65
2014-11-27,14.145,14.17,13.795,13.92,259260.0,3607176.93
2014-11-28,13.97,14.17,13.83,14.055,473571.0,6632835.27
2014-12-01,14.14,14.15,13.67,13.885,473711.0,6569201.415
2014-12-02,13.99,14.0,13.775,13.975,439195.0,6114786.935
2014-12-03,14.0,14.15,13.83,13.99,373256.0,5232364.3
2014-12-04,14.05,14.815,14.0,14.725,672661.0,9753872.095
2014-12-05,14.81,15.13,14.7,15.015,552142.0,8254415.43
2014-12-08,15.06,15.09,14.83,14.98,179456.0,2684441.47
2014-12-09,14.935,15.14,14.56,14.675,314936.0,4668895.52
2014-12-10,14.625,14.855,14.525,14.56,279394.0,4089273.995
2014-12-11,14.595,14.705,14.3,14.595,339868.0,4943488.17
2014-12-12,14.54,14.74,14.08,14.42,655268.0,9409965.835
2014-12-15,14.28,14.78,14.265,14.265,394611.0,5730829.895
2014-12-16,14.22,14.335,13.725,14.17,460482.0,6470814.46
2014-12-18,14.795,14.805,14.48,14.685,228880.0,3354896.195
2014-12-19,14.8,14.995,14.68,14.945,363611.0,5429145.0
2014-12-22,14.99,15.17,14.905,14.99,462630.0,6941153.935
2014-12-23,14.915,15.05,14.75,15.0,154020.0,2300298.105
2014-12-24,14.985,15.27,14.975,15.265,110491.0,1675664.73
2014-12-29,15.26,15.35,14.8,14.98,316576.0,4761765.325
2014-12-30,14.94,15.105,14.865,15.015,207523.0,3121110.14
2014-12-31,15.065,15.3,15.055,15.165,210031.0,3192494.14
2015-01-02,15.15,15.395,15.05,15.2,245531.0,3735468.23
2015-01-05,15.135,15.275,14.805,15.025,349665.0,5255156.935
2015-01-06,15.5,15.84,15.29,15.505,1001047.0,15556614.415
2015-01-07,15.645,15.68,15.345,15.525,464603.0,7198942.33
2015-01-08,15.62,16.1,15.6,16.055,678822.0,10821001.625
2015-01-09,16.095,16.25,15.95,16.15,292627.0,4720445.555
2015-01-12,16.24,16.43,16.17,16.305,296762.0,4839354.6
2015-01-13,16.365,16.5,16.33,16.445,253056.0,4156536.78
2015-01-14,16.36,16.45,15.98,16.035,239688.0,3873399.31
2015-01-15,16.045,16.395,15.875,16.3,283771.0,4597180.33
2015-01-16,16.125,16.305,15.555,15.89,508049.0,8048605.795
2015-01-19,15.935,16.005,15.7,15.865,229166.0,3634406.915
2015-01-20,15.865,15.965,15.52,15.79,226197.0,3561546.785
2015-01-21,15.735,15.93,15.58,15.915,201511.0,3180767.62
2015-01-22,15.94,16.135,15.705,16.105,262521.0,4187382.755
2015-01-23,16.2,16.38,16.02,16.3,367308.0,5965726.78
2015-01-26,16.3,16.73,16.26,16.7,474059.0,7837855.58
2015-01-27,16.6,16.705,16.165,16.26,312837.0,5105112.345
2015-01-28,16.46,16.805,16.125,16.775,310482.0,5132993.62
2015-01-29,16.755,17.25,16.6,17.22,425745.0,7260595.38
2015-01-30,17.35,17.95,17.29,17.89,716144.0,12672235.87
2015-02-02,17.8,17.85,17.55,17.655,429668.0,7601615.18
2015-02-03,17.7,17.955,17.58,17.615,252741.0,4484345.635
2015-02-04,17.815,18.08,17.785,18.08,332853.0,5980669.23
2015-02-05,18.015,18.21,17.855,18.1,374481.0,6767095.605
2015-02-06,18.06,18.14,17.79,17.8,387299.0,6936749.89
2015-02-09,17.675,17.76,17.3,17.455,506248.0,8845294.81
2015-02-10,17.5,17.73,17.46,17.55,265473.0,4665389.575
2015-02-11,17.545,17.61,17.19,17.455,391538.0,6794550.735
2015-02-12,17.6,17.86,17.49,17.85,367196.0,6511872.765
2015-02-13,18.15,18.205,17.1,17.76,1503904.0,26697676.8575
2015-02-16,17.735,17.735,17.27,17.275,357121.0,6220168.225
2015-02-17,17.115,17.46,17.095,17.395,385549.0,6692019.795
2015-02-18,17.4,17.65,17.4,17.65,238222.0,4179311.33
2015-02-19,17.645,17.705,17.36,17.375,287646.0,5021011.585
2015-02-20,17.395,17.44,16.605,16.785,622086.0,10508191.16
2015-02-23,16.875,16.94,16.535,16.72,309128.0,5158149.225
2015-02-24,16.725,17.11,16.47,17.035,349913.0,5891355.675
2015-02-25,17.13,17.175,16.775,16.95,262949.0,4457461.855
2015-02-26,16.885,16.885,16.41,16.66,372058.0,6183058.515
2015-02-27,16.66,16.66,16.36,16.415,553158.0,9099190.595
2015-03-02,16.5,16.79,16.465,16.61,348093.0,5784502.455
2015-03-03,16.59,16.655,16.2,16.265,283366.0,4651177.615
2015-03-04,16.21,16.53,16.09,16.41,283233.0,4629457.495
2015-03-05,16.49,16.755,16.25,16.75,354173.0,5857854.585
2015-03-06,16.77,16.955,16.65,16.9,383397.0,6456524.345
2015-03-09,16.85,16.93,16.45,16.7,257800.0,4321270.59
2015-03-10,16.785,17.105,16.735,16.955,268215.0,4545478.85
2015-03-11,17.08,17.425,17.0,17.3,283307.0,4890484.33
2015-03-12,17.25,17.365,16.735,16.88,301826.0,5104346.72
2015-03-13,16.915,16.97,16.6,16.845,166866.0,2808142.16
2015-03-16,16.935,17.005,16.755,16.9,173877.0,2934735.16
2015-03-17,16.96,17.03,16.8,16.88,241328.0,4084796.78
2015-03-18,16.82,16.985,16.595,16.715,156666.0,2627662.95
2015-03-19,16.725,16.955,16.65,16.82,131134.0,2204672.55
2015-03-20,16.76,17.28,16.76,17.185,409822.0,7008811.67
2015-03-23,17.24,17.24,16.685,16.95,209319.0,3542520.23
2015-03-24,16.98,17.31,16.8,16.95,225297.0,3837187.2
2015-03-26,17.19,17.19,16.65,16.71,291066.0,4885547.08
2015-03-27,16.685,17.205,16.685,16.92,178897.0,3036796.35
2015-03-30,16.97,17.475,16.97,17.475,468987.0,8132679.39
2015-03-31,17.485,17.49,17.115,17.205,162710.0,2808344.975
2015-04-01,17.25,17.42,16.985,17.085,368454.0,6342259.635
2015-04-02,17.02,17.4,16.945,17.32,189197.0,3248886.42
2015-04-07,17.33,17.765,17.325,17.59,209959.0,3681693.99
2015-04-08,17.6,17.83,17.47,17.575,212016.0,3742661.15
2015-04-09,17.64,17.98,17.64,17.94,220427.0,3932211.59
2015-04-10,17.955,17.98,17.745,17.98,208150.0,3726815.0
2015-04-13,17.77,18.0,17.685,17.985,203921.0,3653374.56
2015-04-14,17.9,18.095,17.735,17.795,191596.0,3426757.84
2015-04-15,17.87,18.18,17.56,17.93,222745.0,3983179.23
2015-04-16,17.88,17.885,17.4,17.765,201914.0,3567548.18
2015-04-17,17.765,18.0,17.35,17.435,287659.0,5062076.09
2015-04-20,17.405,17.93,17.405,17.615,218153.0,3855262.68
2015-04-21,17.715,17.87,17.34,17.65,191576.0,3386047.58
2015-04-22,17.64,17.81,17.505,17.67,233326.0,4121083.04
2015-04-23,17.7,17.845,17.64,17.7,400155.0,7106574.96
2015-04-24,17.71,17.83,17.325,17.4,215300.0,3756712.03
2015-04-27,17.1,17.415,16.705,17.255,426630.0,7321193.38
2015-04-28,16.86,17.395,16.86,17.085,343589.0,5877499.97
2015-04-29,17.005,17.32,16.8,16.875,392049.0,6679964.175
2015-04-30,16.825,16.89,16.255,16.435,540358.0,8930638.37
2015-05-04,16.485,17.13,16.46,16.705,346686.0,5809972.99
2015-05-05,16.65,16.92,16.47,16.54,376976.0,6292407.48
2015-05-06,16.49,16.675,16.37,16.54,280728.0,4633283.85
2015-05-07,16.435,17.325,16.205,17.06,504952.0,8511732.95
2015-05-08,17.16,17.485,17.04,17.1,204187.0,3511273.74
2015-05-11,17.0,17.25,16.76,17.185,198946.0,3402651.43
2015-05-12,17.05,17.05,16.68,16.75,248302.0,4166665.3
2015-05-13,15.8,15.91,15.01,15.795,3035419.0,47172968.1
2015-05-14,15.74,15.84,15.555,15.775,401117.0,6306145.33
2015-05-15,15.78,16.33,15.715,16.205,531125.0,8540748.18
2015-05-18,15.97,16.31,15.925,16.05,748804.0,12061956.92
2015-05-19,16.1,16.58,16.1,16.45,896901.0,14730220.98
2015-05-20,16.395,16.68,16.33,16.51,308630.0,5102137.74
2015-05-21,16.5,16.55,16.27,16.495,306989.0,5050779.01
2015-05-22,16.495,16.55,16.405,16.495,248760.0,4101907.04
2015-05-25,16.6,16.615,16.325,16.39,90744.0,1494898.34
2015-05-26,16.445,16.495,16.24,16.25,296357.0,4848724.42
2015-05-27,16.35,16.45,16.235,16.405,239727.0,3919951.89
2015-05-28,16.27,16.52,16.165,16.52,284496.0,4670538.16
2015-05-29,16.51,16.59,16.35,16.44,457431.0,7531449.24
2015-06-01,16.47,16.975,16.44,16.66,391413.0,6525682.66
2015-06-02,16.705,16.765,16.585,16.7,197116.0,3288429.26
2015-06-03,16.7,16.85,16.5,16.56,208925.0,3479255.93
2015-06-04,16.505,16.505,16.135,16.195,191958.0,3118613.69
2015-06-05,16.1,16.12,15.845,15.95,248095.0,3965731.35
2015-06-08,15.9,16.295,15.825,15.875,234987.0,3757240.87
2015-06-09,15.76,15.885,15.555,15.65,430538.0,6769571.98
2015-06-10,15.555,16.205,15.4,16.195,263006.0,4176936.835
2015-06-26,16.22,16.515,16.22,16.275,275038.0,4491421.65
2015-06-29,15.4,16.25,15.25,16.045,508009.0,8074958.57
2015-06-30,15.94,16.135,15.775,15.98,240250.0,3841429.35
2015-07-01,16.135,16.355,16.045,16.24,303469.0,4916786.19
2015-07-02,16.225,16.35,15.925,15.98,570156.0,9192098.68
2015-07-03,15.94,16.0,15.535,15.585,238258.0,3748937.86
2015-07-06,15.38,15.495,15.1,15.11,410366.0,6245095.43
2015-07-07,15.13,15.17,14.91,14.91,417575.0,6266308.19
2015-07-08,14.92,15.06,14.835,15.0,291055.0,4348655.58
2015-07-09,15.015,15.175,14.935,15.0,333640.0,5013353.43
2015-07-10,15.58,16.91,15.55,16.85,1019949.0,16774965.14
2015-07-13,16.79,16.85,16.32,16.695,452809.0,7506277.93
2015-07-14,16.63,17.075,16.63,17.01,378188.0,6395743.7
2015-07-15,16.83,17.245,16.8,17.21,371131.0,6347008.04
2015-07-16,17.155,17.525,17.155,17.425,259636.0,4524600.11
2015-07-17,17.5,17.54,17.26,17.415,254986.0,4443638.93
2015-07-20,17.37,17.615,17.37,17.5,250514.0,4393957.45
2015-07-21,17.51,17.6,17.27,17.365,180948.0,3153938.49
2015-07-22,17.205,17.425,17.1,17.265,140784.0,2430977.75
2015-07-23,17.35,17.81,17.35,17.765,421248.0,7444042.11
2015-07-24,17.76,18.055,17.7,17.91,432025.0,7740777.21
2015-07-27,17.795,17.91,17.36,17.37,361815.0,6387005.6
2015-07-28,17.435,17.61,17.22,17.405,300011.0,5219139.84
2015-07-29,17.445,17.7,17.445,17.7,249840.0,4407137.11
2015-07-30,17.71,17.855,17.59,17.77,167641.0,2969757.35
2015-07-31,17.825,17.84,17.605,17.69,458019.0,8096293.11
2015-08-03,17.645,18.095,17.615,18.065,278479.0,4991832.18
2015-08-04,17.885,18.15,17.84,18.135,199466.0,3592588.48
2015-08-05,18.095,18.81,18.02,18.755,502118.0,9250352.88
2015-08-06,18.63,18.875,18.52,18.52,287138.0,5351989.11
2015-08-07,18.435,18.5,17.955,18.025,410980.0,7420025.6
2015-08-10,17.925,18.3,17.84,18.185,193359.0,3489180.71
2015-08-11,18.135,18.17,17.79,17.88,155597.0,2791902.9
2015-08-12,17.7,17.705,16.94,17.055,411479.0,7091239.98
2015-08-13,17.3,17.635,17.3,17.635,182261.0,3189670.3
2015-08-14,17.6,17.815,17.45,17.7,120847.0,2135806.21
2015-08-17,17.855,17.9,17.4,17.84,127664.0,2261427.58
2015-08-18,17.905,18.18,17.84,17.905,169184.0,3034355.05
2015-08-19,17.435,17.915,17.01,17.77,318913.0,5583759.75
2015-08-20,17.58,17.62,17.21,17.29,241979.0,4203004.93
2015-08-21,17.05,17.39,16.61,16.63,257737.0,4373341.59
2015-08-24,16.01,16.075,15.09,15.815,586944.0,9225169.61
2015-08-25,15.81,16.595,15.81,16.465,290667.0,4753135.6
2015-08-26,16.255,16.885,16.005,16.585,275766.0,4567971.42
2015-08-27,16.5,16.73,16.365,16.65,311495.0,5166361.05
2015-08-28,16.7,16.815,16.5,16.815,155194.0,2591346.24
2015-08-31,16.745,16.765,16.43,16.695,172914.0,2870919.15
2015-09-01,16.455,16.53,16.22,16.365,276291.0,4520504.15
2015-09-02,16.335,16.56,16.14,16.365,221232.0,3615358.45
2015-09-03,16.5,16.79,16.46,16.61,186071.0,3094277.28
2015-09-04,16.46,16.68,16.425,16.595,167059.0,2766973.43
2015-09-07,16.69,16.74,16.44,16.61,145478.0,2408448.35
2015-09-08,16.635,16.89,16.375,16.395,204142.0,3377090.27
2015-09-09,16.765,16.9,16.52,16.595,135396.0,2259794.73
2015-09-10,16.445,16.59,16.115,16.32,247611.0,4038463.34
2015-09-11,16.355,16.36,16.045,16.13,150677.0,2441215.84
2015-09-14,16.06,16.355,16.015,16.09,125954.0,2032041.63
2015-09-15,16.145,16.345,15.88,16.245,233649.0,3772287.02
2015-09-16,16.405,17.09,16.405,17.05,525768.0,8788563.62
2015-09-17,17.045,17.2,16.95,17.105,765650.0,13067587.86
2015-09-18,17.08,17.29,16.885,17.255,355037.0,6097935.06
2015-09-21,17.235,17.875,17.16,17.83,307617.0,5412029.48
2015-09-22,18.0,18.305,17.865,17.975,937612.0,16885154.08
2015-09-23,17.94,18.405,17.85,18.29,305919.0,5575995.15
2015-09-24,18.235,18.435,18.09,18.175,294365.0,5366423.83
2015-09-25,18.175,18.88,18.175,18.51,576912.0,10698880.31
2015-09-28,18.37,18.725,18.32,18.635,296837.0,5521922.54
2015-09-29,18.08,18.3,17.765,17.965,502528.0,9081744.89
2015-09-30,18.1,18.385,17.99,18.11,740759.0,13452713.93
2015-10-01,18.38,18.91,18.28,18.42,506501.0,9404152.04
2015-10-02,18.55,18.69,18.12,18.155,217260.0,3978677.885
2015-10-05,18.33,18.76,18.33,18.355,267647.0,4942708.53
2015-10-06,18.455,20.0,18.455,19.9,984676.0,19339147.225
2015-10-07,19.88,20.46,19.435,20.12,740257.0,14731176.02
2015-10-08,20.1,21.2,20.09,21.01,1415255.0,29572012.0
2015-10-09,21.04,21.22,20.8,21.085,722718.0,15176947.97
2015-10-12,21.0,21.195,20.88,21.145,402951.0,8475192.52
2015-10-13,21.09,21.35,21.005,21.21,729023.0,15429203.2
2015-10-14,21.085,21.48,21.085,21.385,516961.0,11054269.29
2015-10-15,22.885,25.3,22.67,24.56,2376408.0,58118542.48
2015-10-16,24.58,25.265,24.57,24.93,933509.0,23333594.86
2015-10-19,24.5,25.02,24.155,24.915,492865.0,12136135.79
2015-10-20,24.805,25.815,24.775,25.71,428676.0,10898532.295
2015-10-21,25.72,26.65,25.325,25.335,824649.0,21442442.68
2015-10-22,25.91,26.305,25.17,25.335,359116.0,9120094.535
2015-10-23,25.55,27.08,25.49,26.17,686007.0,18120240.94
2015-10-26,25.995,26.41,25.84,26.295,740828.0,19426465.67
2015-10-27,26.4,27.26,25.89,26.65,757064.0,20172399.68
2015-10-28,26.6,26.92,26.005,26.225,466460.0,12242117.05
2015-10-29,26.95,27.19,26.515,26.73,461415.0,12355214.25
2015-10-30,26.845,27.29,26.55,27.275,323492.0,8755759.29
2015-11-02,26.975,27.765,26.91,26.93,325303.0,8840988.17
2015-11-03,26.95,27.235,26.65,26.755,481865.0,12920198.78
2015-11-04,26.665,27.41,26.565,27.195,270058.0,7298421.02
2015-11-05,26.6,28.17,26.36,27.77,364237.0,10043043.9
2015-11-06,27.605,28.04,27.185,28.04,369260.0,10254328.64
2015-11-09,27.95,27.95,26.93,26.99,947140.0,25635824.59
2015-11-10,27.08,27.25,25.195,25.785,843031.0,21869740.88
2015-11-11,25.605,26.12,24.75,25.985,675644.0,17214444.58
2015-11-12,25.945,26.81,25.81,26.515,413432.0,10937680.46
2015-11-13,26.45,26.785,26.305,26.58,410884.0,10905431.5
2015-11-16,26.2,27.07,26.16,27.07,292727.0,7837736.94
2015-11-17,27.51,27.665,27.02,27.35,239532.0,6537290.41
2015-11-18,27.0,27.135,26.425,26.505,425553.0,11306116.16
2015-11-19,26.69,26.7,26.11,26.51,475288.0,12552211.54
2015-11-20,26.51,26.85,26.245,26.76,439492.0,11685696.72
2015-11-23,26.75,26.95,26.7,26.805,261310.0,7000674.22
2015-11-24,26.8,27.085,26.5,26.595,333895.0,8939002.13
2015-11-25,26.6,26.835,26.585,26.7,259334.0,6929861.15
2015-11-26,26.69,26.77,26.46,26.755,238817.0,6355499.45
2015-11-27,26.595,26.7,26.455,26.615,133070.0,3535386.64
2015-11-30,26.53,26.685,26.425,26.5,438077.0,11611741.94
2015-12-01,26.54,27.89,26.495,27.85,384063.0,10541564.79
2015-12-02,27.79,28.235,27.66,27.91,285585.0,7972597.86
2015-12-03,27.795,28.185,26.95,26.95,218447.0,5980265.91
2015-12-04,26.85,27.55,26.66,27.54,225770.0,6155598.55
2015-12-07,27.5,28.155,27.4,27.615,180013.0,4989993.95
2015-12-08,27.705,28.08,27.55,27.8,268539.0,7469049.91
2015-12-09,27.95,27.96,27.1,27.12,312655.0,8567839.74
2015-12-10,27.0,27.53,26.8,27.01,255447.0,6922424.01
2015-12-11,27.065,27.205,26.47,26.68,340192.0,9086085.88
2015-12-14,26.7,26.755,26.335,26.425,221694.0,5879555.2
2015-12-15,26.58,26.975,26.42,26.86,270108.0,7214977.47
2015-12-16,26.85,26.95,26.495,26.5,392927.0,10482265.82
2015-12-17,26.98,27.6,26.85,26.98,228734.0,6204877.9
2015-12-18,26.8,27.24,26.57,27.045,573932.0,15490731.86
2015-12-21,26.99,27.05,26.41,26.41,221415.0,5885424.78
2015-12-22,26.505,26.655,26.215,26.495,109059.0,2883079.38
2015-12-23,26.54,26.615,26.39,26.615,101925.0,2705066.67
2015-12-24,26.6,26.65,26.535,26.575,11218.0,298386.4
2015-12-28,26.6,26.79,26.475,26.505,111565.0,2966253.3
2015-12-29,26.555,27.105,26.555,27.105,150609.0,4062613.83
2015-12-30,26.96,27.195,26.7,27.125,127384.0,3442172.99
2015-12-31,27.07,27.14,26.55,26.67,49083.0,1311088.43
2016-01-04,26.4,26.635,26.355,26.58,361820.0,9589890.76
2016-01-05,26.525,26.63,25.745,25.905,373336.0,9803387.75
2016-01-06,25.885,25.885,22.23,23.615,1002812.0,23859328.07
2016-01-07,23.0,23.835,22.705,23.67,404237.0,9525687.03
2016-01-08,23.67,25.09,23.67,24.47,546945.0,13452010.85
2016-01-11,24.4,24.435,24.05,24.26,247420.0,6005761.02
2016-01-12,24.345,24.62,24.185,24.47,185062.0,4521650.15
2016-01-13,24.605,25.26,24.55,25.09,530914.0,13288907.59
2016-01-14,25.0,25.05,24.29,24.45,449663.0,11106817.2
2016-01-15,24.5,24.99,24.2,24.22,379545.0,9293172.48
2016-01-18,24.16,24.4,23.54,23.775,250225.0,5963951.92
2016-01-19,24.09,24.515,24.035,24.515,233173.0,5680525.81
2016-01-20,24.215,24.31,23.98,24.145,297240.0,7178623.35
2016-01-21,24.0,24.44,22.935,23.46,377401.0,8901320.56
2016-01-22,23.79,24.375,23.775,24.285,296005.0,7172096.66
2016-01-25,24.545,25.72,24.42,25.72,284255.0,7200424.37
2016-01-26,25.4,26.115,25.24,26.07,305600.0,7875801.24
2016-01-27,26.2,26.27,25.61,25.665,230112.0,5941003.5
2016-01-28,25.54,25.775,24.81,24.82,245852.0,6156718.97
2016-01-29,25.12,25.36,24.73,25.345,257439.0,6463735.85
2016-02-01,25.35,25.42,25.0,25.33,204049.0,5153788.76
2016-02-02,25.35,25.56,25.01,25.13,231137.0,5830649.81
2016-02-03,25.08,25.27,24.415,24.535,245297.0,6060913.39
2016-02-04,24.675,24.695,23.7,23.99,342315.0,8248312.52
2016-02-05,24.01,24.07,23.105,23.12,397232.0,9322018.92
2016-02-08,23.115,23.35,21.315,21.39,445880.0,9743025.12
2016-02-09,21.315,21.935,20.805,21.59,398727.0,8561926.27
2016-02-10,21.765,22.55,21.65,22.08,298967.0,6615285.33
2016-02-11,22.005,22.005,20.885,20.895,480475.0,10194076.68
2016-02-12,18.815,19.97,18.6,18.99,1611264.0,31150320.97
2016-02-15,19.17,19.745,18.88,19.54,499160.0,9634635.87
2016-02-16,19.685,20.03,19.275,19.365,383132.0,7463739.42
2016-02-17,19.3,20.48,19.255,20.085,464647.0,9328668.75
2016-02-18,20.29,23.095,19.905,22.31,1012777.0,21996709.23
2016-02-19,22.93,24.33,22.77,23.35,946559.0,22238692.85
2016-02-22,23.5,23.89,23.03,23.695,417660.0,9842968.77
2016-02-23,23.835,25.555,23.55,25.16,656498.0,16371560.51
2016-02-24,25.08,25.745,24.54,25.315,744879.0,18781656.84
2016-02-25,25.665,26.21,25.365,26.15,310437.0,8068238.81
2016-02-26,26.395,27.26,26.28,27.15,422947.0,11382797.95
2016-02-29,26.85,26.945,26.105,26.37,424081.0,11200105.04
2016-03-01,27.025,28.505,27.015,28.055,858384.0,23876038.44
2016-03-02,28.18,28.3,27.355,27.6,333758.0,9224969.89
2016-03-03,27.525,27.525,26.37,26.805,416120.0,11122600.62
2016-03-04,26.7,27.09,26.635,26.99,278558.0,7495345.12
2016-03-07,26.5,26.805,26.27,26.335,311724.0,8250604.85
2016-03-08,26.055,26.49,25.83,26.11,338750.0,8836580.46
2016-03-09,26.115,26.77,25.935,26.545,270388.0,7142940.94
2016-03-10,26.655,27.25,26.4,26.555,300964.0,8033299.91
2016-03-11,26.945,26.945,26.185,26.64,296741.0,7858606.44
2016-03-14,26.7,27.01,26.56,26.845,301277.0,8091089.3
2016-03-15,26.66,27.22,26.285,27.065,196422.0,5292871.6
2016-03-16,28.0,28.0,27.125,27.165,329165.0,9047848.62
2016-03-17,27.17,27.175,25.995,26.385,316269.0,8342623.51
2016-03-18,26.445,26.795,26.23,26.35,442237.0,11683591.44
2016-03-21,26.215,27.11,26.215,26.89,307221.0,8234451.67
2016-03-22,26.8,27.65,26.55,27.325,395799.0,10770707.32
2016-03-23,27.325,27.62,27.26,27.6,159224.0,4385192.63
2016-03-24,27.32,27.62,27.19,27.21,195482.0,5348662.215
2016-03-29,27.0,27.345,26.53,27.215,265013.0,7182805.49
2016-03-30,27.13,28.155,27.025,28.155,299541.0,8340980.005
2016-03-31,28.0,28.2,27.38,27.6,185237.0,5126007.03
2016-04-01,27.345,27.48,27.03,27.48,224523.0,6140414.28
2016-04-04,27.36,27.97,27.21,27.605,195641.0,5408583.035
2016-04-05,27.26,27.315,26.5,26.82,213583.0,5732736.685
2016-04-06,26.95,26.95,26.33,26.785,176468.0,4700627.465
2016-04-07,26.785,27.34,26.665,26.79,261259.0,7023913.03
2016-04-08,26.825,27.065,26.325,26.7,200009.0,5333376.02
2016-04-11,26.63,26.905,26.5,26.57,215788.0,5751326.97
2016-04-12,26.51,27.25,26.345,27.065,208707.0,5612949.515
2016-04-13,27.2,27.39,26.21,27.12,207240.0,5592793.58
2016-04-14,27.055,27.44,26.86,27.195,150189.0,4077900.11
2016-04-15,27.03,27.07,26.67,26.8,136781.0,3670762.305
2016-04-18,26.5,27.23,26.5,27.085,133248.0,3594333.36
2016-04-19,27.05,27.475,26.905,27.285,113404.0,3088439.335
2016-04-20,27.115,27.26,27.0,27.025,185516.0,5022510.69
2016-04-21,27.1,27.31,26.725,27.125,229211.0,6202935.38
2016-04-22,27.005,27.215,26.595,26.595,277735.0,7442962.395
2016-04-25,26.545,26.72,26.42,26.5,154552.0,4103094.215
2016-04-26,26.53,26.735,26.225,26.235,177672.0,4679613.755
2016-04-27,26.405,26.515,26.095,26.205,307895.0,8089718.99
2016-04-28,26.13,26.205,25.33,26.125,424883.0,11011516.76
2016-04-29,25.925,26.395,24.695,25.37,997758.0,25477879.355
2016-05-02,25.365,26.26,25.365,26.21,181946.0,4719674.41
2016-05-03,26.24,26.47,25.74,26.425,281736.0,7375982.195
2016-05-04,26.45,26.62,26.39,26.49,281217.0,7448192.67
2016-05-05,26.485,26.655,26.185,26.365,120531.0,3180713.74
2016-05-06,26.35,26.585,26.24,26.45,230737.0,6098185.94
2016-05-09,26.61,26.765,26.36,26.425,279746.0,7407803.375
2016-05-10,26.4,26.76,26.21,26.495,103455.0,2743926.22
2016-05-11,26.53,26.935,26.47,26.8,203363.0,5437965.33
2016-05-12,26.9,28.375,26.835,27.8,304189.0,8453483.555
2016-05-13,28.0,30.27,27.85,30.02,556361.0,16544579.25
2016-05-16,29.985,30.4,29.725,30.07,172376.0,5183025.735
2016-05-17,30.24,30.675,29.985,30.08,366763.0,11074851.295
2016-05-18,29.785,30.285,29.695,29.985,241774.0,7236346.675
2016-05-19,29.825,30.0,29.315,29.705,315709.0,9368763.72
2016-05-20,29.83,30.645,29.83,30.5,309985.0,9413464.95
2016-05-23,30.53,31.31,30.42,31.08,264597.0,8183372.58
2016-05-24,31.16,31.71,30.89,31.64,271191.0,8535058.65
2016-05-25,31.735,31.95,31.09,31.33,230322.0,7242859.64
2016-05-26,31.4,32.355,31.4,32.045,338707.0,10840495.665
2016-05-27,32.13,32.63,31.84,32.49,332511.0,10751531.595
2016-05-30,32.61,32.815,32.48,32.61,84121.0,2743349.03
2016-05-31,32.74,33.31,32.57,33.15,398741.0,13202344.165
2016-06-01,33.255,33.405,32.93,32.99,227698.0,7536261.475
2016-06-02,33.07,33.88,33.005,33.58,212170.0,7114780.24
2016-06-03,33.505,33.54,32.85,33.045,236889.0,7838056.07
2016-06-06,32.985,33.0,32.225,32.945,197837.0,6490939.055
2016-06-07,32.9,33.51,32.77,33.29,194067.0,6448131.45
2016-06-08,33.18,33.225,32.79,33.095,211557.0,6995338.14
2016-06-09,33.155,33.365,32.75,33.3,190244.0,6307930.47
2016-06-10,33.405,33.425,32.765,32.895,199746.0,6574404.365
2016-06-13,32.44,32.75,32.265,32.46,212598.0,6912946.405
2016-06-14,32.085,32.325,30.93,31.095,328152.0,10337276.51
2016-06-15,31.18,31.7,31.18,31.52,268193.0,8463539.985
2016-06-16,31.2,31.5,30.835,30.91,283071.0,8799474.0
2016-06-17,31.165,31.88,30.995,31.15,420962.0,13144174.06
2016-06-20,31.8,33.79,31.705,33.655,303608.0,10096125.74
2016-06-21,33.725,33.995,33.085,33.085,236916.0,7911560.59
2016-06-22,33.07,33.38,32.925,33.01,201460.0,6669263.175
2016-06-23,33.015,33.705,33.015,33.545,125090.0,4171984.0
2016-06-24,29.71,32.96,27.13,32.59,634392.0,20202705.855
2016-06-27,32.17,32.55,30.58,30.88,343057.0,10684320.905
2016-06-28,31.58,32.61,31.5,32.57,248996.0,8021279.27
2016-06-29,32.85,33.13,32.13,32.8,285852.0,9364540.435
2016-06-30,32.89,33.315,32.735,33.01,271023.0,8942674.45
2016-07-01,33.185,33.885,32.82,33.775,170273.0,5705187.4
2016-07-04,33.975,33.975,32.865,33.085,141434.0,4689143.36
2016-07-05,33.08,33.29,32.825,32.86,190268.0,6269409.075
2016-07-06,32.75,33.275,32.57,33.26,206506.0,6829374.215
2016-07-07,33.36,34.5,33.36,33.73,200195.0,6785511.45
2016-07-08,33.655,34.135,33.13,34.065,128763.0,4335032.05
2016-07-11,34.175,34.73,34.015,34.63,160553.0,5538099.015
2016-07-12,34.75,34.9,33.775,33.98,238457.0,8145401.135
2016-07-13,33.995,34.145,33.67,34.0,167781.0,5704626.475
2016-07-14,34.375,34.395,33.565,33.635,271944.0,9211274.42
2016-07-15,33.665,33.85,33.08,33.62,188358.0,6327016.02
2016-07-18,33.68,34.48,33.47,34.0,263825.0,8957416.76
2016-07-19,34.155,35.825,34.0,35.54,374911.0,13176215.87
2016-07-20,36.41,38.5,36.39,38.305,374286.0,14107981.885
2016-07-21,38.545,38.88,36.11,36.11,317630.0,11759172.145
2016-07-22,35.7,35.865,34.825,35.55,358737.0,12696828.27
2016-07-25,35.49,35.57,35.03,35.31,304025.0,10736242.99
2016-07-26,35.28,35.745,35.025,35.745,265503.0,9417494.87
2016-07-27,35.89,35.93,35.455,35.93,246064.0,8792505.605
2016-07-28,35.98,37.3,35.685,37.0,265177.0,9780718.575
2016-07-29,37.0,37.08,36.235,36.725,209825.0,7680199.625
2016-08-01,36.835,37.15,36.325,36.6,182202.0,6682754.885
2016-08-02,36.54,36.82,35.935,36.27,192865.0,7018482.83
2016-08-03,36.29,36.35,35.73,35.81,243999.0,8766787.96
2016-08-04,36.085,37.845,36.0,37.3,263818.0,9786842.76
2016-08-05,37.395,37.735,37.06,37.735,212754.0,7966828.635
2016-08-08,37.835,37.835,36.8,36.885,224593.0,8318009.64
2016-08-09,36.89,37.165,36.55,37.13,338157.0,12478833.68
2016-08-10,37.17,37.245,35.855,36.435,352070.0,12788400.015
2016-08-11,36.63,37.195,36.5,36.835,364170.0,13412475.625
2016-08-12,36.935,36.94,36.15,36.68,232555.0,8499870.165
2016-08-15,36.67,37.135,36.535,36.95,109624.0,4039493.425
2016-08-16,36.805,36.835,35.82,35.82,187470.0,6760665.6
2016-08-17,35.945,35.945,34.935,35.155,225910.0,7950119.315
2016-08-18,35.35,35.71,35.175,35.5,173372.0,6159277.775
2016-08-19,35.505,35.8,35.345,35.575,186204.0,6632983.69
2016-08-22,35.525,35.705,35.18,35.505,103188.0,3659502.8
2016-08-23,35.625,35.7,35.26,35.435,83797.0,2968469.515
2016-08-24,35.3,35.575,34.95,35.08,181074.0,6363416.325
2016-08-25,34.985,35.195,34.615,34.855,197940.0,6911543.655
2016-08-26,34.8,35.235,34.66,35.18,132312.0,4638654.695
2016-08-29,35.135,35.155,34.75,35.145,81070.0,2836624.895
2016-08-30,35.25,35.65,35.25,35.35,229564.0,8128537.415
2016-08-31,35.365,35.565,34.98,35.04,232006.0,8180630.085
2016-09-01,35.135,36.465,35.135,35.555,189546.0,6780020.235
2016-09-02,35.55,36.07,35.195,36.07,140909.0,5045466.33
2016-09-05,36.095,36.765,36.04,36.545,144383.0,5277681.28
2016-09-06,36.845,37.095,36.45,36.835,261296.0,9617451.35
2016-09-07,36.93,37.225,36.805,37.1,199062.0,7380438.31
2016-09-08,37.18,37.215,36.395,36.395,237867.0,8727414.67
2016-09-09,36.305,36.485,35.695,35.81,178218.0,6410707.92
2016-09-12,35.2,35.8,34.72,35.72,255480.0,9034791.25
2016-09-13,35.81,36.165,34.815,34.995,216476.0,7648060.945
2016-09-14,35.325,35.735,35.085,35.29,301860.0,10653799.455
2016-09-15,35.29,35.9,35.1,35.9,300211.0,10719329.32
2016-09-16,35.87,35.895,35.08,35.19,1017786.0,35953722.76
2016-09-19,35.45,35.915,34.55,34.835,313794.0,10960451.535
2016-09-20,34.9,35.21,34.63,34.945,180765.0,6320166.65
2016-09-21,34.2,34.675,33.8,34.355,511155.0,17530145.87
2016-09-22,34.63,35.0,34.47,34.59,274854.0,9540244.0
2016-09-23,34.595,34.715,34.2,34.305,221713.0,7615942.83
2016-09-26,33.88,34.37,33.275,33.64,256816.0,8684656.58
2016-09-27,33.85,34.105,33.325,33.6,294428.0,9900674.125
2016-09-28,33.675,34.49,33.675,34.37,270506.0,9265582.275
2016-09-29,34.67,34.675,33.775,33.95,338618.0,11571015.205
2016-09-30,33.6,33.83,33.195,33.6,351130.0,11786772.62
2016-10-03,33.19,34.59,33.155,34.355,245969.0,8422239.045
2016-10-04,34.4,34.49,33.9,34.025,163777.0,5583347.4
2016-10-05,33.89,33.925,33.55,33.68,290799.0,9808826.545
2016-10-06,33.695,33.89,33.4,33.435,261117.0,8763305.25
2016-10-07,33.55,33.55,33.0,33.07,218806.0,7249970.895
2016-10-10,33.1,33.425,33.01,33.4,138403.0,4607712.915
2016-10-11,33.435,33.435,32.23,32.23,194032.0,6301945.39
2016-10-12,32.15,32.19,30.8,32.1,540803.0,17187732.295
2016-10-13,32.0,32.2,31.55,31.805,208652.0,6649257.48
2016-10-14,31.815,32.28,31.8,32.09,120290.0,3855550.82
2016-10-17,31.95,32.1,31.625,31.89,147086.0,4689881.46
2016-10-18,31.95,32.535,31.95,32.29,218377.0,7056893.91
2016-10-19,32.255,32.275,31.905,32.17,158256.0,5084017.825
2016-10-20,32.07,32.12,31.61,31.95,164393.0,5245139.785
2016-10-21,31.99,32.36,31.88,31.965,152325.0,4886524.395
2016-10-24,31.965,32.25,31.51,31.55,178943.0,5675124.005
2016-10-25,31.52,31.73,31.315,31.4,184672.0,5812993.89
2016-10-26,31.33,31.375,30.735,31.005,236552.0,7347674.795
2016-10-27,31.015,31.32,30.56,30.685,210257.0,6471277.53
2016-10-28,30.7,31.195,30.44,30.83,219580.0,6781722.22
2016-10-31,30.68,31.05,30.515,31.0,254115.0,7839428.22
2016-11-01,31.02,31.17,30.74,30.855,290144.0,8965797.04
2016-11-02,30.66,30.815,30.25,30.25,419976.0,12818186.31
2016-11-03,30.05,30.055,28.5,29.03,519259.0,15225964.66
2016-11-04,33.265,34.1,30.75,31.515,1372233.0,43851188.25
2016-11-07,31.8,31.85,30.405,30.445,873862.0,27088055.33
2016-11-08,30.45,32.0,30.36,31.515,542802.0,16976392.41
2016-11-09,30.55,31.82,30.405,31.82,697390.0,21811207.92
2016-11-10,31.72,32.19,31.43,31.43,488863.0,15556983.64
2016-11-11,31.46,31.74,30.415,30.43,253895.0,7794837.3
2016-11-14,30.435,30.62,30.3,30.49,310033.0,9456398.14
2016-11-15,30.425,31.17,30.42,31.17,214833.0,6668555.79
2016-11-16,31.2,32.18,31.2,31.89,250378.0,7968549.44
2016-11-17,31.815,31.995,31.35,31.71,226039.0,7154928.18
2016-11-18,31.73,33.04,31.73,33.0,355539.0,11617891.88
2016-11-21,32.93,33.13,32.35,32.89,155943.0,5103990.61
2016-11-22,32.815,32.96,32.535,32.8,223058.0,7306380.79
2016-11-23,32.69,33.01,32.49,32.6,136564.0,4457975.84
2016-11-24,32.575,32.905,32.51,32.905,118759.0,3893665.4
2016-11-25,32.875,33.15,32.785,32.975,116695.0,3845744.31
2016-11-28,32.93,33.04,32.52,32.69,155227.0,5075883.79
2016-11-29,32.56,33.0,32.5,32.815,167173.0,5481058.98
2016-11-30,32.92,33.15,32.705,32.835,197738.0,6502266.64
2016-12-01,32.735,32.92,31.71,31.865,287088.0,9215354.85
2016-12-02,31.835,31.835,30.745,31.345,292255.0,9128598.17
2016-12-05,31.12,31.9,31.05,31.065,190235.0,5949960.67
2016-12-06,31.02,31.16,30.755,30.825,254054.0,7854094.53
2016-12-07,30.95,31.7,30.555,31.145,265802.0,8253462.3
2016-12-08,31.45,31.72,31.09,31.375,258144.0,8099776.28
2016-12-09,31.37,32.25,31.37,32.175,197552.0,6335762.45
2016-12-12,32.265,32.685,31.405,31.66,317943.0,10123009.65
2016-12-13,31.65,32.605,31.65,32.19,210468.0,6776204.9
2016-12-14,31.955,32.13,31.65,32.0,185786.0,5939022.62
2016-12-15,31.95,32.65,31.88,32.285,293650.0,9471048.73
2016-12-16,32.205,32.65,31.85,32.65,234727.0,7605923.43
2016-12-19,32.65,33.185,32.495,33.05,221277.0,7263107.64
2016-12-20,33.05,33.165,32.57,33.075,221680.0,7301614.42
2016-12-21,33.0,33.48,32.955,33.295,314848.0,10478525.28
2016-12-22,33.44,33.44,32.75,33.04,189833.0,6266484.89
2016-12-23,33.05,33.33,32.975,33.28,74048.0,2459380.82
2016-12-27,33.24,33.45,33.2,33.415,51743.0,1726638.1
2016-12-28,33.41,33.765,33.315,33.745,135989.0,4575652.73
2016-12-29,33.605,33.955,33.44,33.915,97042.0,3275744.92
2016-12-30,33.85,33.93,33.49,33.8,79923.0,2698775.47
2017-01-02,33.845,34.05,33.515,33.98,80077.0,2716299.15
2017-01-03,34.0,34.15,33.425,33.55,263772.0,8912476.01
2017-01-04,33.545,33.735,32.85,32.99,244069.0,8089354.0
2017-01-05,32.93,33.19,31.48,31.565,623856.0,20044416.66
2017-01-06,31.56,31.625,30.89,31.175,392173.0,12213182.31
2017-01-09,31.13,31.48,30.1,30.64,383428.0,11779439.04
2017-01-10,30.72,30.945,30.32,30.875,272355.0,8368799.04
2017-01-11,30.82,30.965,30.665,30.675,188580.0,5804094.24
2017-01-12,30.635,30.79,30.375,30.595,236500.0,7236258.66
2017-01-13,30.35,31.24,30.265,31.215,208703.0,6454658.44
2017-01-16,31.24,31.275,30.535,30.59,238357.0,7326888.76
2017-01-17,30.555,30.75,30.42,30.615,185511.0,5672777.67
2017-01-18,30.58,30.795,30.24,30.38,218618.0,6642656.86
2017-01-19,30.365,30.85,30.35,30.785,219446.0,6741960.22
2017-01-20,30.87,30.87,30.35,30.745,288038.0,8840476.32
2017-01-23,30.8,31.05,30.655,30.88,254682.0,7849449.54
2017-01-24,30.9,31.0,30.3,30.54,210183.0,6423180.73
2017-01-25,30.595,30.86,30.415,30.535,166716.0,5099678.93
2017-01-26,30.695,30.74,30.25,30.35,346233.0,10528234.14
2017-01-27,30.32,30.45,29.615,29.99,408304.0,12231343.85
2017-01-30,30.0,30.36,29.765,29.96,243510.0,7312262.85
2017-01-31,30.005,30.55,30.0,30.42,268930.0,8177621.88
2017-02-01,30.45,31.175,30.45,30.93,242459.0,7490824.69
2017-02-02,30.86,31.42,30.86,31.35,215030.0,6723914.39
2017-02-03,31.4,31.45,31.17,31.24,146016.0,4566027.21
2017-02-06,31.25,31.32,30.905,30.96,122296.0,3797419.83
2017-02-07,31.0,31.24,30.98,31.145,119149.0,3708782.71
2017-02-08,31.2,31.295,30.9,30.9,187624.0,5816998.24
2017-02-09,30.995,31.075,30.655,30.955,202536.0,6260137.45
2017-02-10,31.57,34.52,31.37,34.325,1169809.0,38514235.86
2017-02-13,34.35,35.78,34.2,35.3,509012.0,17900271.33
2017-02-14,35.2,35.36,34.795,35.25,311786.0,10963099.6
2017-02-15,35.165,35.17,34.62,35.17,308211.0,10795583.45
2017-02-16,35.0,35.15,34.54,34.79,198865.0,6918741.78
2017-02-17,34.58,34.8,34.205,34.485,168029.0,5795569.17
2017-02-20,34.69,34.695,34.28,34.485,89413.0,3080237.65
2017-02-21,34.42,34.7,34.22,34.62,93429.0,3224914.58
2017-02-22,34.63,35.25,34.63,35.2,168613.0,5917675.39
2017-02-23,35.2,35.51,35.18,35.375,208918.0,7381319.46
2017-02-24,35.4,35.685,34.645,34.69,222872.0,7776491.55
2017-02-27,34.72,34.89,34.495,34.73,94143.0,3268308.36
2017-02-28,34.705,34.82,34.335,34.625,138444.0,4790856.53
2017-03-01,34.735,36.67,34.735,36.42,380954.0,13737830.29
2017-03-02,36.4,36.85,36.16,36.6,241171.0,8805586.48
2017-03-03,36.8,36.85,36.065,36.21,151588.0,5504341.55
2017-03-06,36.2,36.34,35.73,36.075,155725.0,5616778.81
2017-03-07,36.075,36.115,35.76,36.0,125002.0,4494836.2
2017-03-08,36.0,36.44,35.97,36.3,104015.0,3773332.69
2017-03-09,36.185,36.47,36.095,36.3,101768.0,3692575.69
2017-03-10,36.395,36.945,36.115,36.885,160028.0,5881089.78
2017-03-13,36.74,36.95,36.595,36.86,142606.0,5253686.35
2017-03-14,36.725,37.475,36.645,36.88,171138.0,6352244.01
2017-03-15,36.805,36.88,36.46,36.675,118109.0,4328443.43
2017-03-16,36.815,36.905,36.475,36.905,227979.0,8378678.59
2017-03-17,37.0,37.47,36.825,37.45,182725.0,6821683.89
2017-03-20,37.44,37.565,37.18,37.45,142331.0,5324745.03
2017-03-21,37.41,37.5,36.8,36.915,111299.0,4127055.93
2017-03-22,36.6,37.585,36.065,37.5,235086.0,8712788.93
2017-03-23,37.45,37.98,37.3,37.98,185857.0,7018467.51
2017-03-24,37.99,38.14,37.655,38.075,229880.0,8726583.79
2017-03-27,37.83,38.235,37.57,38.235,159790.0,6077739.655
2017-03-28,38.25,38.935,38.25,38.84,154099.0,5959128.455
2017-03-29,38.915,39.1,38.295,39.1,125478.0,4881249.87
2017-03-30,39.025,40.0,38.68,40.0,231743.0,9169681.48
2017-03-31,39.665,40.045,39.66,40.045,166533.0,6651164.775
2017-04-03,40.245,40.245,39.52,39.83,145532.0,5805184.845
2017-04-04,39.755,40.2,39.57,40.02,191425.0,7647591.915
2017-04-05,40.0,40.56,39.99,40.56,140704.0,5687112.07
2017-04-06,40.205,40.365,40.015,40.35,132190.0,5325980.93
2017-04-07,40.215,41.0,40.165,41.0,98281.0,3993586.71
2017-04-10,40.995,41.02,40.285,40.855,170154.0,6914565.97
2017-04-11,40.61,41.02,40.405,40.65,149006.0,6067157.745
2017-04-12,40.5,40.985,40.455,40.805,269673.0,10995382.6
2017-04-13,40.75,40.855,40.22,40.8,146933.0,5981474.96
2017-04-18,40.8,41.035,40.13,40.56,330041.0,13387717.48
2017-04-19,40.575,40.9,40.285,40.4,293470.0,11880519.245
2017-04-20,40.35,41.04,40.275,41.02,246010.0,10025966.89
2017-04-21,41.0,41.025,40.43,40.92,175035.0,7149662.97
2017-04-24,41.81,42.53,41.315,42.055,351013.0,14745610.05
2017-04-25,42.135,43.45,42.1,43.115,395910.0,17042917.09
2017-04-26,43.355,43.77,43.31,43.71,200193.0,8725438.72
2017-04-27,43.71,43.945,43.24,43.88,251843.0,10983770.43
2017-04-28,43.9,43.99,43.255,43.5,240013.0,10482881.79
2017-05-02,43.71,44.885,43.32,44.525,402017.0,17842712.205
2017-05-03,44.5,44.505,44.0,44.5,181580.0,8045381.41
2017-05-04,44.61,45.215,44.215,45.1,278111.0,12443412.555
2017-05-05,45.17,45.72,44.715,45.72,194507.0,8819361.275
2017-05-08,45.85,46.0,44.555,44.9,256106.0,11512165.545
2017-05-09,44.915,45.73,44.625,45.28,219108.0,9888827.59
2017-05-10,45.35,46.31,45.255,46.125,223203.0,10224337.6
2017-05-11,46.395,46.625,45.93,46.405,272576.0,12643688.265
2017-05-12,46.515,48.895,46.345,47.835,509966.0,24367506.735
2017-05-15,47.95,50.0,47.305,50.0,708785.0,34810255.205
2017-05-16,49.805,49.895,47.32,48.735,434334.0,20994320.47
2017-05-17,45.9,48.07,44.885,46.97,1439917.0,66571159.055
2017-05-18,46.76,47.17,45.1,46.97,895121.0,41376486.86
2017-05-19,47.1,48.23,46.9,47.9,585942.0,27898085.695
2017-05-22,47.9,48.3,46.96,47.445,690824.0,32772804.755
2017-05-23,47.275,48.97,47.275,48.775,502283.0,24249779.855
2017-05-24,48.8,49.11,47.975,48.545,399974.0,19355467.19
2017-05-25,48.415,48.795,48.185,48.465,258536.0,12537296.385
2017-05-26,48.445,48.605,47.96,48.32,330352.0,15952745.02
2017-05-29,48.3,48.82,48.085,48.71,247946.0,12034381.655
2017-05-30,48.39,49.295,48.285,49.125,296164.0,14476504.57
2017-05-31,49.0,49.82,48.73,49.53,848306.0,41907333.17
2017-06-01,49.51,50.64,49.49,50.5,667778.0,33603532.765
2017-06-02,50.68,51.11,50.25,50.38,239206.0,12098783.36
2017-06-05,50.32,50.78,49.975,50.0,218809.0,10974589.86
2017-06-06,49.82,50.31,49.68,50.0,238831.0,11946792.56
2017-06-07,49.865,50.53,49.72,50.37,340927.0,17112176.17
2017-06-08,50.44,50.61,49.815,50.1,222673.0,11184138.87
2017-06-09,50.28,50.98,50.01,50.16,318237.0,16000038.32
2017-06-12,50.02,50.02,47.225,47.61,521625.0,25009089.22
2017-06-13,48.0,49.75,47.86,48.96,448852.0,22003726.065
2017-06-14,49.19,49.84,49.19,49.42,391685.0,19409573.65
2017-06-15,49.51,49.84,48.695,49.795,768975.0,37982104.42
2017-06-16,49.2,50.03,48.43,49.92,524871.0,26056403.05
2017-06-19,50.16,51.75,50.08,51.45,518785.0,26497033.74
2017-06-20,51.53,52.16,50.43,50.64,457118.0,23330722.23
2017-06-21,50.44,50.72,49.93,50.6,255266.0,12867407.31
2017-06-22,50.93,51.31,50.79,51.31,335543.0,17140683.85
2017-06-23,50.98,52.18,50.94,52.13,394832.0,20398968.01
2017-06-26,52.11,52.75,51.89,52.05,284778.0,14850596.76
2017-06-27,51.8,51.82,50.46,50.6,346471.0,17598549.46
2017-06-28,50.39,50.8,49.855,50.56,246996.0,12446618.955
2017-06-29,50.8,50.97,48.96,49.225,365062.0,18120094.39
2017-06-30,48.865,49.89,48.49,49.68,355016.0,17557448.885
2017-07-03,49.77,50.08,49.22,49.245,218193.0,10811394.905
2017-07-04,49.125,49.125,48.24,48.24,232988.0,11302120.05
2017-07-05,48.125,49.695,48.01,49.57,218308.0,10737085.93
2017-07-06,49.68,49.68,47.685,48.465,353554.0,17073673.31
2017-07-07,48.24,48.575,48.125,48.375,201741.0,9750485.9
2017-07-10,48.61,49.0,48.4,48.88,235608.0,11474046.98
2017-07-11,48.955,49.06,48.085,48.7,229406.0,11146723.28
2017-07-12,48.9,49.69,48.855,49.345,168271.0,8300704.965
2017-07-13,50.0,50.1,49.11,49.3,193828.0,9576200.845
2017-07-14,49.3,49.41,48.9,49.27,118181.0,5816024.665
2017-07-17,49.395,49.78,49.1,49.205,141090.0,6963852.67
2017-07-18,49.235,49.235,48.165,48.605,219051.0,10630337.525
2017-07-19,51.0,53.63,50.5,53.5,904993.0,47415718.23
2017-07-20,53.43,54.33,53.43,53.75,418548.0,22517244.44
2017-07-21,53.85,53.98,53.24,53.34,257242.0,13760200.17
2017-07-24,53.5,54.2,53.3,53.92,240381.0,12912892.82
2017-07-25,53.98,54.55,53.79,54.25,260458.0,14116592.09
2017-07-26,54.54,56.32,54.14,56.21,406437.0,22593584.16
2017-07-27,56.04,56.27,54.56,54.95,329164.0,18122993.9
2017-07-28,54.44,54.44,53.2,53.75,415423.0,22269292.34
2017-07-31,53.69,54.3,53.14,53.43,318862.0,17095897.51
2017-08-01,53.4,54.11,53.0,53.98,266682.0,14294145.89
2017-08-02,54.19,54.23,52.48,52.56,250424.0,13297170.15
2017-08-03,52.53,53.64,51.89,53.3,317217.0,16760581.33
2017-08-04,53.26,54.47,53.11,54.37,234774.0,12676287.17
2017-08-07,54.56,54.72,54.1,54.42,189077.0,10284116.66
2017-08-08,54.32,54.7,54.05,54.66,96797.0,5268795.86
2017-08-09,54.35,54.43,53.6,54.34,159509.0,8632499.0
2017-08-10,54.23,54.68,53.79,54.11,223949.0,12151930.13
2017-08-11,53.81,53.81,52.23,52.84,337300.0,17826166.21
2017-08-14,53.03,53.95,52.91,53.77,201842.0,10837604.43
2017-08-15,53.98,54.28,53.75,54.22,141039.0,7620756.68
2017-08-16,54.32,55.1,54.25,55.06,176738.0,9688783.85
2017-08-17,54.93,55.67,54.9,55.25,168101.0,9303157.92
2017-08-18,54.95,55.02,53.99,54.92,164110.0,8961997.61
2017-08-21,54.59,55.1,54.59,54.92,107710.0,5910596.41
2017-08-22,55.1,55.75,55.1,55.75,122351.0,6797871.83
2017-08-23,55.88,56.12,54.67,54.77,214253.0,11789344.55
2017-08-24,55.0,55.0,54.38,54.6,197205.0,10773188.07
2017-08-25,54.79,55.17,54.35,54.88,180176.0,9861718.87
2017-08-28,54.77,55.09,54.23,54.86,131848.0,7215801.18
2017-08-29,54.35,54.55,52.8,53.2,418995.0,22313457.75
2017-08-30,53.36,54.18,53.18,54.0,147682.0,7950779.24
2017-08-31,54.35,56.47,54.29,55.96,316577.0,17658538.4
2017-09-01,55.99,56.72,55.97,56.25,202890.0,11427275.14
2017-09-04,56.3,56.5,55.45,55.93,180262.0,10090413.21
2017-09-05,56.0,57.92,56.0,57.65,305631.0,17543732.04
2017-09-06,57.31,57.82,56.68,56.73,201557.0,11520984.64
2017-09-07,57.12,57.9,56.89,57.48,194048.0,11150756.05
2017-09-08,57.2,57.52,56.29,57.52,305760.0,17433520.03
2017-09-11,57.78,58.72,57.51,58.66,323656.0,18881243.85
2017-09-12,58.81,59.8,58.26,58.97,288773.0,17073286.61
2017-09-13,58.83,59.74,58.3,59.47,279937.0,16604181.0
2017-09-14,59.5,59.83,58.79,59.67,254238.0,15132493.08
2017-09-15,59.24,59.88,58.87,59.41,1181588.0,70183390.2
2017-09-18,59.28,60.4,59.28,59.6,223700.0,13379751.76
2017-09-19,59.5,60.76,59.5,60.71,267046.0,16145354.6
2017-09-20,60.43,60.43,59.44,60.32,324965.0,19513165.65
2017-09-21,60.31,60.54,58.48,58.94,422001.0,24926464.4
2017-09-22,59.0,59.37,58.67,59.1,200641.0,11842931.89
2017-09-25,58.08,58.79,57.12,57.14,398523.0,23031601.09
2017-09-26,57.1,57.48,56.2,56.45,357635.0,20278999.71
2017-09-27,56.5,57.29,56.48,56.71,168943.0,9591651.06
2017-09-28,56.69,57.74,56.69,57.54,265262.0,15215022.17
2017-09-29,57.82,58.66,57.46,58.16,393027.0,22804863.08
2017-10-02,58.42,59.48,58.39,59.09,228224.0,13486053.76
2017-10-03,59.0,59.96,58.86,59.96,276913.0,16477911.91
2017-10-04,59.91,60.45,59.53,60.34,227733.0,13681996.38
2017-10-05,60.34,62.18,60.34,61.66,431856.0,26550931.64
2017-10-06,62.0,63.68,61.99,63.1,662329.0,41795537.35
2017-10-09,63.15,64.92,62.64,63.22,893318.0,56790479.69
2017-10-10,63.5,64.69,62.88,64.37,476244.0,30530392.08
2017-10-11,64.53,65.21,64.15,64.8,515929.0,33466780.09
2017-10-12,64.7,65.58,64.06,65.56,367447.0,23985824.42
2017-10-13,65.17,65.61,65.05,65.41,227661.0,14895261.57
2017-10-16,65.4,66.11,64.97,66.11,231126.0,15160053.52
2017-10-17,66.0,66.59,65.6,65.6,200057.0,13199606.89
2017-10-18,65.52,67.52,65.41,67.01,345990.0,23140650.63
2017-10-19,66.96,67.03,65.36,66.27,296667.0,19580549.26
2017-10-20,66.49,66.97,66.0,66.09,215961.0,14339657.72
2017-10-23,66.11,66.87,65.51,66.28,375296.0,24914968.25
2017-10-24,66.05,66.63,64.84,64.88,563059.0,36789939.92
2017-10-25,64.94,66.98,64.93,66.05,386169.0,25512780.74
2017-10-26,65.7,66.16,64.88,65.95,527881.0,34489231.05
2017-10-27,66.18,66.65,64.96,65.6,422301.0,27689550.25
2017-10-30,64.26,65.91,64.22,65.09,732021.0,47821173.8
2017-10-31,65.0,66.01,64.97,65.5,325878.0,21349618.0
2017-11-01,65.4,66.63,65.1,66.26,315285.0,20889037.22
2017-11-03,65.15,67.16,64.94,67.11,468896.0,31043055.28
2017-11-06,67.0,67.92,66.35,66.59,453624.0,30342317.91
2017-11-07,66.59,67.24,64.72,65.08,488430.0,31892500.99
2017-11-08,67.34,72.23,67.1,71.1,1533345.0,108325949.73
2017-11-09,71.22,71.63,68.62,68.91,623021.0,43334821.59
2017-11-10,69.22,69.42,67.33,68.21,479821.0,32661251.12
2017-11-13,68.15,68.05,65.47,67.59,715652.0,47501477.7
2017-11-14,68.39,69.76,68.09,68.5,640013.0,44065653.83
2017-11-15,68.21,68.64,67.43,68.05,471019.0,31997334.86
2017-11-16,68.0,68.67,65.26,66.35,624260.0,41677860.63
2017-11-17,65.06,67.22,64.5,65.56,805167.0,52802847.34
2017-11-20,65.47,67.0,65.3,66.97,372970.0,24755895.55
2017-11-21,66.95,68.29,65.77,68.21,458456.0,30831058.59
2017-11-22,68.1,69.57,67.98,68.65,595460.0,40873095.06
2017-11-23,68.7,69.31,68.04,68.56,291831.0,20073322.86
2017-11-24,68.58,69.21,68.04,68.73,228874.0,15741185.84
2017-11-27,68.5,69.59,68.5,69.09,431897.0,29831780.68
2017-11-28,69.13,70.47,68.45,68.52,360321.0,24825800.23
2017-11-29,68.98,69.15,65.56,66.44,619750.0,41742328.44
2017-11-30,66.11,66.31,63.41,64.43,5604195.0,361616878.59
2017-12-01,64.43,65.74,63.41,65.17,604123.0,39049788.27
2017-12-04,65.83,65.9,64.23,64.47,383546.0,24864972.63
2017-12-05,64.25,64.99,62.78,64.88,460483.0,29558921.89
2017-12-06,64.34,64.57,63.37,64.28,331369.0,21229825.15
2017-12-07,64.6,66.36,64.34,65.73,506191.0,33125520.55
2017-12-08,65.81,66.66,64.45,66.49,538816.0,35668882.39
2017-12-11,66.0,66.22,64.23,64.43,447949.0,29018224.06
2017-12-12,64.63,64.79,62.55,62.98,463596.0,29311752.53
2017-12-13,63.08,63.75,62.21,63.16,483387.0,30413693.93
2017-12-14,63.1,63.86,62.41,63.43,402118.0,25464354.56
2017-12-15,63.11,63.84,62.55,63.64,611277.0,38797734.81
2017-12-18,63.75,64.86,63.65,64.67,304928.0,19653672.83
2017-12-19,64.65,65.09,64.23,64.72,273473.0,17701917.16
2017-12-20,64.58,65.26,64.25,64.54,221970.0,14377752.13
2017-12-21,64.17,64.87,64.11,64.73,178802.0,11553972.88
2017-12-22,64.27,65.38,64.25,65.37,190577.0,12385001.65
2017-12-27,65.02,65.49,64.25,65.37,158722.0,10316019.51
2017-12-28,65.24,65.39,64.79,65.2,169659.0,11050303.0
2017-12-29,65.38,65.69,64.14,64.14,268783.0,17422567.1
2018-01-02,64.38,64.52,63.3,64.4,218687.0,14009582.26
2018-01-03,64.42,66.44,64.42,66.2,256706.0,16900416.8
2018-01-04,66.46,67.68,66.46,66.68,306794.0,20546950.66
2018-01-05,66.88,67.68,66.7,67.38,176037.0,11832161.18
2018-01-08,67.0,68.52,66.96,68.12,271314.0,18435864.82
2018-01-09,68.14,70.0,68.14,69.86,309944.0,21536208.58
2018-01-11,70.0,71.48,69.96,71.14,340175.0,24125237.7
2018-01-12,71.22,71.72,69.86,70.08,308360.0,21722612.42
2018-01-15,69.98,70.9,69.72,69.72,199683.0,13987898.98
2018-01-16,69.68,70.12,69.4,69.54,184156.0,12833744.3
2018-01-17,69.34,69.94,69.14,69.58,302817.0,21084773.1
2018-01-18,69.58,69.84,67.88,68.1,365268.0,25034470.48
2018-01-19,68.22,69.24,67.94,69.06,283184.0,19434687.66
2018-01-22,69.2,69.56,68.5,68.6,166952.0,11490300.26
2018-01-23,69.18,69.4,68.38,68.88,150844.0,10384747.48
2018-01-24,68.78,69.3,68.36,68.36,152927.0,10506841.0
2018-01-25,68.4,68.48,67.12,67.56,273064.0,18513062.48
2018-01-26,67.84,68.22,67.5,67.74,298537.0,20281438.62
2018-01-29,68.08,68.98,67.2,67.26,270959.0,18397744.22
2018-01-30,67.1,67.94,66.08,66.98,254023.0,17062581.54
2018-01-31,67.32,69.24,67.22,68.94,451557.0,31085774.48
2018-02-01,69.44,69.78,68.26,68.8,366274.0,25260713.92
2018-02-02,68.58,69.34,67.46,67.84,287939.0,19590483.2
2018-02-05,67.5,67.52,65.36,66.06,443714.0,29386558.62
2018-02-06,63.56,66.66,61.6,65.08,579141.0,37520161.48
2018-02-07,65.96,67.32,65.04,67.32,429056.0,28580629.92
2018-02-08,66.88,66.98,64.16,64.44,448997.0,29421430.58
2018-02-09,63.76,64.14,62.18,62.64,422538.0,26614923.98
2018-02-12,63.36,64.6,62.9,63.44,304707.0,19384218.84
2018-02-13,66.6,68.44,64.42,67.34,888127.0,59078500.42
2018-02-14,68.0,68.64,66.6,67.36,438470.0,29644424.56
2018-02-15,68.0,68.1,66.62,66.82,335627.0,22570193.18
2018-02-16,67.4,68.38,67.3,68.0,363349.0,19602184.38
2018-02-19,68.02,68.08,66.8,67.28,164888.0,11079217.32
2018-02-20,67.36,68.8,67.0,68.2,306908.0,20920307.2
2018-02-21,68.0,68.16,67.0,68.1,167356.0,11334213.72
2018-02-22,67.5,67.66,65.88,67.1,340920.0,22774083.752
2018-02-23,67.0,68.5,65.94,66.52,312702.0,20823400.18
2018-02-26,67.12,68.38,66.9,68.08,231034.0,15717238.04
2018-02-27,68.28,68.28,67.12,67.42,156072.0,10534673.5
2018-02-28,67.24,68.12,67.08,68.0,294856.0,20021568.52
2018-03-01,67.86,68.48,66.5,67.3,259948.0,17505360.48
2018-03-02,66.74,66.88,64.54,65.08,348977.0,22739597.92
2018-03-05,64.94,66.3,64.76,66.24,209558.0,13803287.5
2018-03-06,66.94,67.02,66.18,66.4,201471.0,13414790.32
2018-03-07,66.12,67.36,65.78,67.08,188839.0,12603700.1
2018-03-08,67.04,69.68,66.76,69.32,235925.0,16273764.16
2018-03-09,68.86,71.02,68.78,70.84,267056.0,18814361.46
2018-03-12,71.3,71.96,70.94,71.66,176705.0,12628893.22
2018-03-13,71.5,71.88,70.48,70.9,170228.0,12109020.1
2018-03-14,70.78,71.68,70.12,70.34,182607.0,12904202.12
2018-03-15,70.6,71.42,70.16,70.94,191808.0,13587568.46
2018-03-16,70.84,71.26,70.0,70.0,400104.0,28100471.2
2018-03-19,69.7,69.7,68.14,68.14,330385.0,22656674.54
2018-03-20,67.72,68.86,67.44,68.56,159308.0,10873147.0
2018-03-21,69.04,72.6,68.94,71.16,2260422.0,159667122.555
2018-03-22,71.36,72.2,69.54,70.68,933627.0,66008094.84
2018-03-23,70.1,71.9,69.96,70.84,2128392.0,150754713.0
2018-03-26,70.9,71.06,68.32,68.54,566802.0,37363668.88
2018-03-27,70.0,70.32,69.16,69.68,373786.0,26067413.04
2018-03-28,69.24,69.52,67.72,68.18,716414.0,49076135.54
2018-03-29,68.58,69.2,67.5,68.52,541351.0,36997705.02
2018-04-03,67.86,69.0,67.04,69.0,499096.0,34123694.54
2018-04-04,69.42,69.6,65.88,66.68,536258.0,35964680.36
2018-04-05,69.98,73.98,69.7,73.86,1154541.0,83629669.22
2018-04-06,73.2,73.62,71.8,73.34,689422.0,50328669.54
2018-04-09,73.28,73.86,71.82,72.3,393594.0,28506185.86
2018-04-10,72.78,73.82,71.7,73.3,489943.0,35773121.0
2018-04-11,73.3,73.5,72.1,72.48,365739.0,26591114.94
2018-04-12,72.36,73.56,72.36,73.16,288311.0,21037974.38
2018-04-13,73.86,75.74,73.34,75.74,583594.0,43839289.82
2018-04-16,75.8,77.12,75.16,76.22,402778.0,30648374.96
2018-04-17,76.24,77.86,75.94,77.62,377438.0,29149354.34
2018-04-18,78.3,79.1,77.74,78.74,522219.0,40965422.12
2018-04-19,79.0,79.74,78.82,79.08,326581.0,25863898.8
2018-04-20,79.4,79.96,78.78,79.1,366965.0,29036859.44
2018-04-23,79.1,79.94,78.48,79.28,399994.0,31717165.34
2018-04-24,79.44,80.12,78.68,79.9,346463.0,27614865.0
2018-04-25,79.44,79.54,76.26,77.44,417708.0,32384654.32
2018-04-26,79.64,79.82,78.36,79.1,494209.0,39089099.12
2018-04-27,79.02,79.86,78.6,79.86,330788.0,26282159.78
2018-04-30,79.5,79.82,78.5,79.26,413290.0,32722717.64
2018-05-02,80.8,82.9,79.76,81.88,683671.0,55930985.84
2018-05-03,82.0,83.88,81.74,83.02,420460.0,34861275.14
2018-05-04,83.14,84.3,82.82,83.82,260524.0,21787178.14
2018-05-07,83.96,85.28,83.96,85.28,225920.0,19178663.22
2018-05-08,85.28,85.88,84.52,85.38,292178.0,24930851.2
2018-05-09,85.6,87.1,85.44,85.5,339199.0,29145417.38
2018-05-10,85.54,86.28,84.76,85.96,238604.0,20421645.82
2018-05-11,85.94,86.78,85.5,86.16,255797.0,21995199.32
2018-05-14,86.34,87.64,86.12,86.76,293477.0,25453328.86
2018-05-15,86.58,86.94,84.68,85.0,459564.0,39334839.9
2018-05-16,85.0,85.28,83.98,84.3,539868.0,45625704.32
2018-05-17,84.64,85.84,83.96,84.56,306825.0,25902472.92
2018-05-18,88.78,90.18,87.62,88.34,794930.0,70568037.62
2018-05-21,89.16,89.22,86.88,86.88,358075.0,31424320.12
2018-05-22,87.44,88.32,86.7,87.0,395160.0,34546899.02
2018-05-23,87.0,87.12,85.48,86.5,336179.0,28982122.9
2018-05-24,87.0,89.5,86.88,89.5,583238.0,51861100.64
2018-05-25,89.86,90.72,88.86,89.16,377075.0,33785422.7
2018-05-28,89.58,91.16,89.32,90.58,286991.0,25933916.6
2018-05-29,89.92,89.98,88.64,89.44,432869.0,38697788.68
2018-05-30,88.78,91.1,88.72,90.9,352061.0,31853479.6
2018-05-31,91.5,92.72,91.5,92.62,732085.0,67663425.96
2018-06-01,93.08,94.64,91.88,92.24,389539.0,36117956.54
2018-06-04,92.4,94.36,92.4,93.98,339178.0,31757002.38
2018-06-05,94.02,96.54,93.84,95.5,401500.0,38340890.36
2018-06-06,96.18,96.56,94.98,95.34,362519.0,34599156.72
2018-06-07,95.56,96.4,94.68,95.08,392109.0,37450815.6
2018-06-08,94.7,96.28,93.5,95.62,339376.0,32375478.72
2018-06-11,96.5,98.46,96.48,96.82,404410.0,39333186.4
2018-06-12,97.78,98.72,96.18,96.5,541997.0,52584387.08
2018-06-13,96.98,99.34,96.98,98.5,412952.0,40701144.26
2018-06-14,98.3,99.9,97.5,99.74,428343.0,42462064.88
2018-06-15,100.0,100.15,96.68,98.06,857698.0,84188221.14
2018-06-18,97.82,98.7,97.1,98.56,415185.0,40715499.18
2018-06-19,97.36,97.94,96.68,97.2,468732.0,45562999.92
2018-06-20,98.28,99.36,97.48,98.06,362216.0,35628518.28
2018-06-21,98.68,98.72,95.62,96.42,460378.0,44528567.38
2018-06-22,96.44,97.18,95.9,96.48,237966.0,22983468.42
2018-06-25,94.2,95.8,92.04,92.72,457036.0,37821175.8
2018-06-26,92.0,94.74,91.5,93.94,350423.0,32795672.4
2018-06-27,94.58,96.0,93.08,95.0,380451.0,36008574.86
2018-06-28,94.7,95.52,91.72,92.96,389024.0,36180491.16
2018-06-29,92.0,94.48,91.6,93.98,416128.0,39070116.22
2018-07-02,92.88,93.24,91.72,92.0,689144.0,63549922.66
2018-07-03,89.18,93.52,88.56,92.42,377722.0,34912107.18
2018-07-04,92.4,92.88,91.66,92.18,185346.0,17087842.08
2018-07-05,92.52,93.9,92.46,93.28,245271.0,22863597.64
2018-07-06,93.52,94.2,92.76,92.92,289927.0,27000362.5
2018-07-09,93.5,94.74,93.34,93.34,249591.0,23411768.82
2018-07-10,93.76,96.82,93.7,96.46,321734.0,30870979.08
2018-07-11,95.74,98.36,95.28,97.4,411907.0,39912569.3
2018-07-12,97.4,99.42,97.26,99.24,212824.0,20994995.14
2018-07-13,99.0,100.05,98.62,99.34,239528.0,23799057.87
2018-07-16,99.72,100.8,99.26,99.82,240933.0,24046219.21
2018-07-17,99.0,99.78,97.84,99.58,288819.0,28662204.56
2018-07-18,105.0,107.9,103.45,103.6,752070.0,78774526.85
2018-07-19,102.65,103.8,101.45,103.0,464394.0,47684423.4
2018-07-20,103.0,104.4,101.75,102.95,380068.0,39231614.65
2018-07-23,102.95,102.95,101.4,101.75,265833.0,27074880.6
2018-07-24,103.15,104.1,101.9,102.0,333408.0,34266376.0
2018-07-25,101.8,102.3,100.45,100.7,344367.0,34847982.45
2018-07-26,100.95,101.65,99.66,100.65,240931.0,24242806.71
2018-07-27,100.6,101.25,100.05,100.05,175403.0,17595857.55
2018-07-30,99.5,99.74,95.68,95.88,320871.0,31120157.5
2018-07-31,95.88,96.06,94.44,94.44,424192.0,40315672.36
2018-08-01,94.24,95.24,93.56,93.82,238467.0,22437454.12
2018-08-02,93.44,94.54,93.12,94.26,258083.0,24246472.76
2018-08-03,94.5,96.4,94.48,95.94,377968.0,36218136.62
2018-08-06,96.32,96.92,94.8,95.06,228006.0,21784929.9
2018-08-07,95.64,95.76,94.0,94.0,203373.0,19236738.1
2018-08-08,94.18,95.86,94.0,94.22,188194.0,17792310.28
2018-08-09,94.0,95.18,93.48,94.6,210520.0,19893164.32
2018-08-10,94.06,94.06,92.92,93.9,242184.0,22684109.34
2018-08-13,93.9,95.12,93.38,94.82,200588.0,18974282.72
2018-08-14,94.98,95.14,92.68,92.68,246278.0,22944044.04
2018-08-15,91.76,92.68,88.88,89.38,516751.0,46725857.96
2018-08-16,89.0,91.04,88.8,89.62,308284.0,27741678.56
2018-08-17,89.0,89.64,88.0,88.0,300694.0,26592354.42
2018-08-20,88.42,91.9,88.36,91.36,405193.0,36933936.78
2018-08-21,91.62,92.24,90.96,91.8,237700.0,21824841.16
2018-08-22,92.0,92.02,90.54,91.72,226188.0,20692107.0
2018-08-23,92.04,94.38,92.02,94.3,370425.0,34845971.86
2018-08-24,93.98,94.7,93.6,94.32,183856.0,17305414.86
2018-08-27,94.7,96.12,94.46,95.86,164415.0,15710105.7
2018-08-28,96.04,96.54,95.0,95.36,179366.0,17135335.92
2018-08-29,95.68,95.88,94.42,94.46,255708.0,24229206.62
2018-08-30,94.26,95.16,93.02,94.76,340433.0,32119197.8
2018-08-31,93.48,93.48,90.16,92.66,627647.0,57866344.98
2018-09-03,91.5,92.58,90.9,91.86,241655.0,22243011.06
2018-09-04,92.02,92.32,89.72,90.06,290320.0,26253412.94
2018-09-05,89.8,90.66,87.58,87.84,471391.0,41793590.72
2018-09-06,87.58,88.78,86.62,86.86,425070.0,37149703.88
2018-09-07,87.2,88.3,87.14,87.74,264481.0,23209162.72
2018-09-10,87.7,89.16,87.5,88.52,242908.0,21503826.88
2018-09-11,94.96,95.0,91.26,92.28,478904.0,44305804.88
2018-09-12,93.0,95.94,93.0,95.9,517186.0,49122708.82
2018-09-13,95.96,96.8,93.56,93.56,289961.0,27441240.16
2018-09-14,94.8,96.1,93.56,95.68,352704.0,33533385.68
2018-09-17,95.94,96.18,93.84,94.04,231192.0,21837700.32
2018-09-18,94.34,94.78,93.5,94.52,205710.0,19402807.5
2018-09-19,94.34,94.38,92.5,92.5,297331.0,27679393.84
2018-09-20,92.8,94.06,92.2,93.2,291762.0,27239994.18
2018-09-21,93.86,93.86,92.02,92.3,605581.0,55996148.42
2018-09-24,92.0,92.78,91.34,92.76,269221.0,24853818.02
2018-09-25,92.98,95.2,92.76,94.96,364117.0,34439709.76
2018-09-26,94.84,97.78,94.6,95.58,337066.0,32287321.06
2018-09-27,95.5,96.38,93.64,93.94,319387.0,30113148.7
2018-09-28,94.14,94.14,92.94,93.42,390231.0,36493898.16
2018-10-01,93.54,97.5,93.54,96.62,335242.0,32261967.44
2018-10-02,96.62,100.45,96.56,100.0,558229.0,55379754.12
2018-10-03,100.0,100.15,98.7,99.46,318775.0,31696446.3
2018-10-04,99.14,99.14,94.68,94.68,416807.0,40025770.04
2018-10-05,95.54,96.08,92.7,93.06,339604.0,31796770.64
2018-10-08,92.6,92.98,88.7,88.7,403002.0,36097579.86
2018-10-09,89.22,89.74,86.66,89.44,355485.0,31534356.02
2018-10-10,89.52,89.52,83.56,83.66,695244.0,59183215.9
2018-10-11,82.44,87.68,80.82,86.58,780941.0,67022429.04
2018-10-12,87.66,89.9,86.32,88.8,507758.0,44821870.72
2018-10-15,88.3,88.44,84.88,86.38,424719.0,36591139.72
2018-10-16,86.2,89.54,85.4,89.2,385488.0,34179086.66
2018-10-17,89.7,91.24,87.88,88.84,338304.0,30205527.3
2018-10-18,88.4,90.2,87.0,87.34,416683.0,36667908.88
2018-10-19,87.42,89.38,86.7,87.86,321565.0,28287143.3
2018-10-22,87.86,88.24,85.42,85.96,273790.0,23652135.14
2018-10-23,84.98,85.08,81.5,81.5,416343.0,34209943.9
2018-10-24,81.84,84.2,81.1,81.94,326050.0,26888661.42
2018-10-25,80.8,85.56,78.98,84.22,489292.0,40832506.74
2018-10-26,83.16,84.14,81.68,83.72,355914.0,29641558.08
2018-10-29,83.0,86.94,82.6,83.58,370821.0,31376161.1
2018-10-30,84.98,84.98,80.28,80.98,522566.0,42623929.42
2018-10-31,81.7,81.82,75.08,79.5,1171107.0,92624800.52
2018-11-01,79.02,80.12,77.42,78.3,618284.0,48351864.22
2018-11-02,79.6,83.72,79.56,81.94,529775.0,43449248.0
2018-11-05,80.6,81.02,75.9,75.9,540461.0,42008055.94
